,patient_id,testing_events,testing_days,seizure_frequency,auc_time_of_day_hourly,auc_moving_average_hourly,auc_time_of_day_daily,auc_moving_average_daily,hourly_time_of_day>moving_average,daily_time_of_day>moving_average
0,eg1,131.0,271.0,0.4833948339483395,0.617653435354064,0.44319187699059603,0.5134352317141262,0.42946589179465894,True,True
1,eg4,69.0,588.0,0.11734693877551021,0.6915947601930715,0.4842863585653587,0.5523693569574829,0.4790618692127775,True,True
2,eg2,159.0,269.0,0.5910780669144982,0.5084496660584106,0.6254830342491133,0.34288014722797333,0.6714162844036696,False,False
3,eg3,23.0,98.0,0.23469387755102042,0.6146694793436257,0.4102899172998301,0.5618473895582329,0.36585365853658536,True,True
